,tweet,subjectivity,polarity,analysis
0,"Apologies, 10.2 release week Friday",0.0,0.0,Neutral
1,"First days probably 100/100, 99, 98, etc.",0.3333333333333333,0.25,Positive
2,"Wow, lot interest FSD beta! Plan roll version 10.2 midnight Friday, on-ramp ~1000 owners/day, prioritized safety rating.",1.0,0.125,Positive
3,"If tiles super thin, get hot plasma ‚Äúwaterfalling‚Äù edges tiles, creating hotspots. That said, I‚Äôm entirely convinced couldn‚Äôt done several overlapping scales metal sheet insulator scale armor &amp; primary structure.",0.5819444444444445,0.09722222222222221,Positive
4,Headed tank vent knocked tiles,0.0,0.0,Neutral
5,_peak Cybertruck option package,0.0,0.0,Neutral
6,_peak Of course,0.0,0.0,Neutral
7,‚ÄúISIS‚Äù,0.0,0.0,Neutral
8,Where Hitchcock need him?,0.0,0.0,Neutral
9,Illustrates Tesla sales soon exceed mass universe,0.0,0.0,Neutral
10,"_avoigt In electric future, batteries essential transport oil today",0.2125,0.0,Neutral
11,Noted. You able press mic button &amp; say ‚Äúbug report ‚Ä¶‚Äù,0.625,0.5,Positive
12,Ok,0.5,0.5,Positive
13,"A helpful case consider, roads intersect unusual angles",1.0,0.2,Positive
14,True,0.65,0.35,Positive
15,‚ÄúComes discreet packaging‚Äù,0.0,0.0,Neutral
16,Well ya see need reach around rocket uhh ‚Ä¶,0.0,0.0,Neutral
17,ü§£,0.0,0.0,Neutral
18,Absolutely! Tesla team rocks üíï,0.9,0.25,Positive
19,"_geoff We use cobalt cars &amp; tiny amounts others (going zero soon), whereas phones &amp; laptops primarily use cobalt",0.5,0.2,Positive
20,"And booster used 70m, required awkward half barrel width steel, it‚Äôs 69m",0.5833333333333334,-0.3833333333333333,Negative
21,_Stevens_Gr Haha true rocket engine development,0.475,0.275,Positive
22,,0.0,0.0,Neutral
23,Very much beta calculation. It evolve time accurately predict crash probability.,0.4466666666666667,0.33000000000000007,Positive
24,_ Yes,0.0,0.0,Neutral
25,"FSD Beta request button goes live tonight, FSD 10.1 needs another 24 hours testing, tomorrow night",0.5,0.13636363636363635,Positive
26,"Chris early employee SpaceX, made significant contribution, cofounder",0.5875,0.2375,Positive
27,: More pics return ‚Üí,0.5,0.5,Positive
28,,0.0,0.0,Neutral
29,,0.0,0.0,Neutral
30,Maybe reality Rick &amp; Morty episode,0.0,0.0,Neutral
31,I didn‚Äôt think time,0.0,0.0,Neutral
32,So pointy!,0.0,0.0,Neutral
33,Super important Doge fees drop make things like buying movie tix viable,0.8333333333333333,0.3666666666666667,Positive
34,_tesla Giga Berlin help lot,0.0,0.0,Neutral
35,That would break NASA budget!,0.0,0.0,Neutral
36,"AI used 1, last year",0.06666666666666667,0.0,Neutral
37,Birth rate collapse biggest threat human civilization,0.1,0.0,Neutral
38,We always flight readiness reviews! This argument makes sense.,0.0,0.0,Neutral
39,_tesla Logistics underrated,0.0,0.0,Neutral
40,"_tesla Exactly. Giga Shanghai makes cars export first half quarter, cars far away parts China, cars nearby parts China. Net result crazy wave deliveries end quarter. It tough team, we‚Äôre hoping reduce wave Q4 &amp; Q1.",0.4976190476190476,-0.07936507936507937,Negative
41,Great view Earth!,0.75,1.0,Positive
42,Tesla king car farts!,0.0,0.0,Neutral
43,"_ma_vive Hopefully worldwide long-term, insurance regulatory labyrinth/escape room!",0.0,0.0,Neutral
44,"The regulatory process approval offer insurance extremely slow &amp; complex, varying considerably state. Tesla hoping offer real-time (based actual driving history) insurance Texas next month. Probably next year get approval New York.",0.2577922077922078,-0.051948051948051965,Negative
45,": The moment amazing crew, , , opened cupola fo‚Ä¶",0.9,0.6000000000000001,Positive
46,"Good point, could enable visualization control. Will enable option hopefully next month.",0.30000000000000004,0.35,Positive
47,10.1 solve last cone issue,0.06666666666666667,0.0,Neutral
48,: Solar Roof powers Buffalo Heritage Carousel NY üåû,0.0,0.0,Neutral
49,Definitely upgraded toilets :) We challenges flight.,0.75,0.25,Positive
50,"Not super surprising, given internal combustion engine cars literally ‚Äúcombustion‚Äù name",0.38888888888888884,0.17777777777777778,Positive
51,"Yeah, little oven heating food &amp; Starlink wifi",0.5,-0.1875,Negative
52,Just met crew Florida congratulate person. Such great people!,0.625,0.5,Positive
53,Tesla yet decided fourth Gigafactory location,0.0,0.0,Neutral
54,"To precise, completely &amp; immediately reusable orbital rockets fundamental breakthrough needed make life multiplanetary",0.6000000000000001,0.25,Positive
55,Which games like most?,0.5,0.5,Positive
56,Nice work!,1.0,0.75,Positive
57,Good,0.6000000000000001,0.7,Positive
58,"No, turned car owner",0.0,0.0,Neutral
59,_Hess_ Yes,0.0,0.0,Neutral
60,Tesla insurance calculator show status real-time &amp; tell actions needed rated ‚Äúgood driver‚Äù,0.6000000000000001,0.7,Positive
61,7 days approval log driving style,0.0,0.0,Neutral
62,Not tiny engine,0.5,0.0,Neutral
63,"Remarkable people realize capability exists. Many think 5 years away! With public beta rollout coming weeks, awareness improve dramatically.",0.4388888888888889,0.4583333333333333,Positive
64,_lion Seems way,0.0,0.0,Neutral
65,"Looks fine. Take 2 aspirin, call morning.",0.5,0.4166666666666667,Positive
66,Some amount cooperation would good,0.6000000000000001,0.7,Positive
67,Absolutely,0.9,0.2,Positive
68,He‚Äôs still sleeping,0.0,0.0,Neutral
69,_feed Needs little warming,0.5,-0.1875,Negative
70,_munro _ I wish,0.0,0.0,Neutral
71,_munro _ So products truly love üíï,0.6,0.5,Positive
72,Count $50M,0.0,0.0,Neutral
73,Congratulations !!!,0.0,0.0,Neutral
74,": Splashdown! Welcome back planet Earth, !",0.45,0.4,Positive
75,_ One favorite movies,1.0,0.5,Positive
76,"Yes No, get refilled &amp; maybe cargo transfer",0.0,0.0,Neutral
77,"_nafnlaus Making life multiplanetary extremely hard, impossible, problem",0.7708333333333333,-0.47916666666666663,Negative
78,: Dragon entered last orbit reentry splashdown ‚Üí,0.06666666666666667,0.0,Neutral
79,Still basically nothing compared orbital mass flux needed base moon Mars,1.0,-0.8,Negative
80,: Orbital moonrise,0.0,0.0,Neutral
81,"Probably trap Tesla production Autopilot build, won‚Äôt work FSD. Using ring cones would stop FSD though.",0.0,0.0,Neutral
82,It,0.0,0.0,Neutral
83,"This engine needs 10X lower cost. Order magnitude change good reason new name. What really matters yet another ‚Äúadvanced‚Äù rocket engine, many devices, never cheap (&lt;$1000/Ton-force) rocket engine. Not even close",0.5090909090909091,0.2893939393939394,Positive
84,Sigh,0.0,0.0,Neutral
85,"Long chain hydrocarbons, like kerosene, excellent volumetric energy density, really want rockets best way bind hydrogen, CH4. Also, easy make &amp; store CH4+O2 CO2+H2O, abundant Mars.",0.6138888888888889,0.5305555555555556,Positive
86,‚ô•Ô∏è üåç üåé üåè ‚ô•Ô∏è,0.0,0.0,Neutral
87,"Fully reusable rockets want high T/W minimize $/ton orbit, propellant cost actually matters",0.31999999999999995,0.08,Positive
88,Automatically drive obvious location unless occupant says otherwise,0.5,0.0,Neutral
89,"With that, Ship basically begging extra 3 engines",0.1,0.0,Neutral
90,33,0.0,0.0,Neutral
91,Exactly,0.25,0.25,Positive
92,_shiv ‚ÄúIgnition!‚Äù,0.0,0.0,Neutral
93,_shiv Throw hydrogen &amp; lithium real party,0.30000000000000004,0.2,Positive
94,_shiv üî•,0.0,0.0,Neutral
95,What propellant?,0.0,0.0,Neutral
96,"Moving ~23 times speed sound, circling Earth every ~90 minutes",0.4,0.4,Positive
97,"Ironically, yes time. FSD beta system times seem good vigilance isn‚Äôt necessary, is. Also, beta user isn‚Äôt super careful get booted. 2000 beta users operating almost year accidents. Needs stay way.",0.8166666666666667,0.2333333333333333,Positive
98,"Yeah. We‚Äôd use Ka parabolics laser links Dragon, Starship spacecraft soon got cloud level.",0.0,0.0,Neutral
99,Sorry cold! Dragon food warmer &amp; free wifi next time :),0.76,-0.06999999999999999,Negative
100,": The crew set return Earth Saturday, September 18 targeted splashdown 7:06 p.m. EDT the‚Ä¶",0.0,0.0,Neutral
101,: Our crew chatted space patients ! Watch event here: Support St. Jud‚Ä¶,0.0,0.0,Neutral
102,Jay right,0.5357142857142857,0.2857142857142857,Positive
103,"Please add voice public comments. Support greatly appreciated! Humanity‚Äôs future moon, Mars &amp; beyond depends upon it. Thanks, Elon",0.12291666666666667,0.1125,Positive
104,: The crew share live on-orbit update multi-day journey aboard Dragon spacecraft ~5:00 p‚Ä¶,0.5,0.13636363636363635,Positive
105,"The lesson ‚Äútortoise &amp; hare‚Äù tortoises faster, rather hares complacent",0.0,0.0,Neutral
106,September interesting,0.5,0.5,Positive
107,"Technology probably ready months, thereafter limited regulatory approval",0.3214285714285714,0.0642857142857143,Positive
108,"Beta button request permission assess driving behavior using Tesla insurance calculator. If driving behavior good 7 days, beta access granted.",0.6000000000000001,0.7,Positive
109,Yes,0.0,0.0,Neutral
110,Next month,0.0,0.0,Neutral
111,Good feedback FSD Beta 10 users! 10.0.1 point release rolling now. 10.1 rolls week Friday beta request button.,0.6000000000000001,0.875,Positive
112,_ Truth stranger fiction,0.0,0.0,Neutral
113,Congratulations successful mission!,0.95,0.9375,Positive
114,: The crew Inspiration4 incredible first day space! They‚Äôve completed 15 orbits around planet Eart‚Ä¶,0.6166666666666667,0.60625,Positive
115,"RIP, Sir Sinclair. I loved computer.",0.8,0.7,Positive
116,Just spoke crew. All well.,0.0,0.0,Neutral
117,Missions like Inspiration4 help advance spaceflight enable ultimately anyone go orbit &amp; beyond,1.0,0.0,Neutral
118,That‚Äôs safe word,0.5,0.5,Positive
119,Maneuverability important safety,1.0,0.4,Positive
120,Thanks Richard!,0.2,0.25,Positive
121,Thank,0.0,0.0,Neutral
122,It honor wish Godspeed left orbit!,0.0,0.0,Neutral
123,: View Dragon‚Äôs cupola,0.0,0.0,Neutral
124,": During multi-day journey, crew conduct scientific research designed advance human health Ea‚Ä¶",0.1,0.0,Neutral
125,: Crew send make way Launch Complex 39A,0.4,-0.3,Negative
126,: All systems weather looking good today‚Äôs Falcon 9 launch Dragon‚Äôs first all-civilian spaceflight. Webcast g‚Ä¶,0.4666666666666667,0.475,Positive
127,Watch Countdown Netflix Inspiration4 mission launching today,0.0,0.0,Neutral
128,: Falcon 9 Dragon pad 39A Florida. Five-hour launch window opens 8:02 p.m. EDT September 15 ht‚Ä¶,0.0,0.0,Neutral
129,"It hard overstate criticality reusable rockets. No less important reusable aircraft, cars bicycles. Essential humanity become multiplanet species &amp; backup biosphere.",0.47708333333333336,0.04791666666666666,Positive
130,It indeed become hard find platform show,0.5416666666666666,-0.2916666666666667,Negative
131,üî•üî•,0.0,0.0,Neutral
132,: Dragon‚Äôs first all-civilian crew,0.3333333333333333,0.25,Positive
133,I‚Äôm saying UFOs ‚Ä¶ UFOs,0.0,0.0,Neutral
134,"Also, need figure render voxel height unknown objects way isn‚Äôt horrendous",0.6,-0.1,Negative
135,"FSD 10 predicts height video pixels directly, without needing classify groups pixels objects. In principle, even UFO crashed road right front you, would still avoid debris. Some work still needed tune sensitivity.",0.46785714285714286,0.19285714285714284,Positive
136,Deep,0.4,0.0,Neutral
137,"Whether it‚Äôs stamp collectors Andorra petticoat aficionados Lichtenstein, none resist!",0.0,0.0,Neutral
138,Nice work!,1.0,0.75,Positive
139,Gravitas,0.0,0.0,Neutral
140,Nicheman (power appealing niche audiences) strikes hahaha,0.45,0.35,Positive
141,Emojilution,0.0,0.0,Neutral
142,They ‚Ä¶ yet friends,0.0,0.0,Neutral
143,Ok ok haha,0.43333333333333335,0.39999999999999997,Positive
144,Will do!,0.0,0.0,Neutral
145,Floki arrived,0.0,0.0,Neutral
146,ü§£,0.0,0.0,Neutral
147,(Ahem),0.0,0.0,Neutral
148,ü§£ü§£,0.0,0.0,Neutral
149,Literally!,0.0,0.0,Neutral
150,_Lowne Forward flaps change lot upcoming versions Starship ‚Äì smaller &amp; leeward,0.5,0.0,Neutral
151,"This written Ford/UAW lobbyists, make electric car Mexico. Not obvious serves American taxpayers.",0.25,0.0,Neutral
152,"Falcon 9 technically heavy lift rocket. If flown expendable, payload orbit similar Delta IV Heavy (~25 tons LEO). And Starship ~10 times bigger.",0.475,-0.1,Negative
153,Nice drive,1.0,0.6,Positive
154,ü§£,0.0,0.0,Neutral
155,,0.0,0.0,Neutral
156,"_Enough With 10.1, creep forward confidence &amp; quickly reverse back little (just person would) sees danger",0.375,0.03645833333333333,Positive
157,Think Beta 10 enabling significantly higher local maximum Beta 9,0.25,0.125,Positive
158,"To fair, investors giving us significant credit achieving self-driving, given Tesla‚Äôs valuation/production high compared automakers",0.7716666666666666,0.4116666666666666,Positive
159,Three weeks,0.0,0.0,Neutral
160,Digital clock coming 2 weeks,0.0,0.0,Neutral
161,ü§£ü§£,0.0,0.0,Neutral
162,Please challenge Tim Apple trial combat üôè,0.0,0.0,Neutral
163,Didn‚Äôt sorta win?,0.4,0.8,Positive
164,"Highway stack still production version, polished FSD now. Single stack release 10.1.",0.21428571428571427,-0.07142857142857142,Negative
165,Yeah,0.0,0.0,Neutral
166,"These V1.5 Starlinks laser inter-satellite links, needed high latitudes &amp; mid ocean coverage",0.26999999999999996,0.08,Positive
167,: Falcon 9 Dragon hangar Launch Complex 39A ahead launching,0.4,-0.3,Negative
168,An early season episode Tesla soap opera!,0.3,0.125,Positive
169,"Great work Tesla team, special thanks Tesla Automation Pr√ºm, critical many high-performance parts Plaid!",0.5642857142857143,0.39642857142857146,Positive
170,,0.0,0.0,Neutral
171,": Our Inspiration4 crew completed astronaut training ‚Äôs headquarters Hawthorne, CA en route Ke‚Ä¶",0.0,0.0,Neutral
172,Exactly. Getting paid government launch payloads much lower prices competitors ‚Äúgovernment support‚Äù.,0.225,0.225,Positive
173,Satellites ‚Äúlasers‚Äù ‚Äúspace‚Äù [strokes white cat],0.0,0.0,Neutral
174,"Alter falter! Dankesch√∂n N√ºrburgring, Tesla wird geerht.",0.0,0.0,Neutral
175,Booster static fire orbital launch mount hopefully next week,0.45,0.25,Positive
176,Metallurgy R≈´lz,0.0,0.0,Neutral
177,POV Hardcore,0.0,0.0,Neutral
178,"Track software update probably weeks away (I know, I know haha). Also waypoints &amp; things.",0.3,0.2,Positive
179,"_ Tesla doesn‚Äôt bandwidth it, good third party mod shops",0.3333333333333333,0.3,Positive
180,"Next modified Plaid added aero surfaces, carbon brakes &amp; track tires (all things done without Tesla loop)",0.0,0.0,Neutral
181,"Tesla Model S Plaid set official world speed record production electric car Nurburgring. Completely unmodified, directly factory.",0.4,0.1,Positive
182,"Maybe not, it‚Äôs 99% dot products",0.0,0.0,Neutral
183,The build I‚Äôm driving right almost there. FSD 10 blow mind.,0.5357142857142857,0.2857142857142857,Positive
184,"Expansion gradual, based ensuring maximum safety",0.0,0.0,Neutral
185,Am I yoke you? üò¢,0.0,0.0,Neutral
186,Yet another round wheel boring &amp; blocks screen. FSD panoramic mode looks way better yoke.,0.6333333333333333,-0.2333333333333333,Negative
187,Just messin ya haha,0.3,0.2,Positive
188,_Skeptic Are today yesterday?,0.0,0.0,Neutral
189,_Skeptic It seems working ‚Ä¶,0.0,0.0,Neutral
190,_Skeptic,0.0,0.0,Neutral
191,,0.0,0.0,Neutral
192,Cybertruck like others,0.0,0.0,Neutral
193,That sums well!,0.0,0.0,Neutral
194,ü§£,0.0,0.0,Neutral
195,Thanks! What favorite tea?,0.6,0.375,Positive
196,"And doesn‚Äôt work, he‚Äôs gonna sue death!",0.0,0.0,Neutral
197,Impressive!,1.0,1.0,Positive
198,Worth,0.1,0.3,Positive
199,Many times,0.5,0.5,Positive
